<?xml version="1.0" encoding="UTF-8"?>
<!DOCTYPE mapper
    PUBLIC "-//mybatis.org//DTD Mapper 3.0//EN"
    "http://mybatis.org/dtd/mybatis-3-mapper.dtd">
    
<mapper namespace="org.zerock.board.service.mapper.BoardMapper">
    
    <select id="selectBoardList" parameterType="org.zerock.board.service.BoardVO" resultType="org.zerock.board.service.BoardVO">
        select * from board
    </select>
    
    <insert id="insertBoard">
        insert into
        board(
            title
            , content
            , url
            , reg_datetime)
        values(
            #{title}
            , #{content}
            , #{url}
            , now())
    </insert>
    
    <update id="updateBoard">
        update board set
            title = #{title}
            , content = #{content}
            , url = #{url}
            , reg_datetime = now()
        where
            code = #{code}
    </update>
    
    <delete id="deleteBoard">
        delete from board
        where
            code = #{code}
    </delete>
    
    <select id="selectBoardByCode" parameterType="org.zerock.board.service.BoardVO" resultType="org.zerock.board.service.BoardVO">
        select * from board
        where
            code = #{code}
    </select>
</mapper>
